Method,Target Alpha,Setting,Run,Coverage,A_hat,LPB,Include Proportion
Focused,0.1,tcga,0,,-3.96728813559322,11.246478524232085,
Focused,0.1,tcga,1,,-3.96728813559322,11.246478524232085,
Focused,0.1,tcga,2,,-3.9800000000000004,7.378757723451981,
Focused,0.1,tcga,3,,-3.9800000000000004,7.378757723451981,
Focused,0.1,tcga,4,,-3.9800000000000004,8.483294007296587,
Focused,0.1,tcga,5,,-3.9800000000000004,8.483294007296587,
Focused,0.1,tcga,6,,-3.9800000000000004,8.83514256748274,
Focused,0.1,tcga,7,,-3.9800000000000004,8.83514256748274,
Focused,0.1,tcga,8,,-3.9800000000000004,12.269632928733671,
Focused,0.1,tcga,9,,-3.9800000000000004,12.269632928733671,
Focused,0.1,tcga,10,,-3.9800000000000004,12.431759466991167,
Focused,0.1,tcga,11,,-3.9800000000000004,12.431759466991167,
Focused,0.1,tcga,12,,-3.9800000000000004,16.75158094183221,
Focused,0.1,tcga,13,,-3.9800000000000004,16.75158094183221,
Focused,0.1,tcga,14,,-3.9800000000000004,23.652491045265666,
Focused,0.1,tcga,15,,-3.9800000000000004,23.652491045265666,
Focused,0.1,tcga,16,,-3.9800000000000004,11.786496466095015,
Focused,0.1,tcga,17,,-3.9800000000000004,11.786496466095015,
Focused,0.1,tcga,18,,-3.9800000000000004,13.122977555813318,
Focused,0.1,tcga,19,,-3.9800000000000004,13.122977555813318,
Focused,0.1,tcga,20,,-3.9800000000000004,11.099443021025568,
Focused,0.1,tcga,21,,-3.9800000000000004,11.099443021025568,
Focused,0.1,tcga,22,,-3.9800000000000004,13.008972019479966,
Focused,0.1,tcga,23,,-3.9800000000000004,13.008972019479966,
Focused,0.1,tcga,24,,-3.9800000000000004,14.099854071806394,
Focused,0.1,support,0,,0.0657627118644067,6.158653545706711,
Focused,0.1,support,1,,0.0606779661016949,5.974524103322302,
Focused,0.1,support,2,,0.0632203389830508,6.155559097957794,
Focused,0.1,support,3,,0.0632203389830508,6.254034685370289,
Focused,0.1,support,4,,0.0657627118644067,6.233129636378996,
Focused,0.1,support,5,,0.0632203389830508,6.062971261152024,
Focused,0.1,support,6,,0.0657627118644067,6.020435681086076,
Focused,0.1,support,7,,0.0657627118644067,6.321933032621421,
Focused,0.1,support,8,,0.0632203389830508,6.071761224340273,
Focused,0.1,support,9,,0.0632203389830508,6.166167931350906,
Focused,0.1,support,10,,0.0657627118644067,5.915182970107208,
Focused,0.1,support,11,,0.0657627118644067,6.59834866583315,
Focused,0.1,support,12,,0.0657627118644067,6.471783970704641,
Focused,0.1,support,13,,0.0632203389830508,6.00002723618931,
Focused,0.1,support,14,,0.0657627118644067,6.492198272090489,
Focused,0.1,support,15,,0.0657627118644067,6.286142348625299,
Focused,0.1,support,16,,0.0632203389830508,6.35874380305727,
Focused,0.1,support,17,,0.0632203389830508,6.258238454156574,
Focused,0.1,support,18,,0.0632203389830508,5.953526015117183,
Focused,0.1,support,19,,0.0657627118644067,6.139554022800466,
Focused,0.1,support,20,,0.0632203389830508,6.230904687795856,
Focused,0.1,support,21,,0.0632203389830508,6.147838388734393,
Focused,0.1,support,22,,0.0632203389830508,6.116744830770168,
Focused,0.1,support,23,,0.0657627118644067,6.126616155630165,
Focused,0.1,support,24,,0.0657627118644067,6.310409398808956,
Focused,0.1,metabric,0,,0.0479661016949152,22.41115474139582,
Focused,0.1,metabric,1,,0.0454237288135593,23.81141326762776,
Focused,0.1,metabric,2,,0.0505084745762711,24.406042328424903,
Focused,0.1,metabric,3,,0.0505084745762711,23.19082169712511,
Focused,0.1,metabric,4,,0.0479661016949152,21.84410519200961,
Focused,0.1,metabric,5,,0.0479661016949152,23.343128627452664,
Focused,0.1,metabric,6,,0.0505084745762711,25.184455632985063,
Focused,0.1,metabric,7,,0.0530508474576271,23.93861852635799,
Focused,0.1,metabric,8,,0.0428813559322033,22.02164007649653,
Focused,0.1,metabric,9,,0.0479661016949152,25.072497442552,
Focused,0.1,metabric,10,,0.0454237288135593,23.16475820827358,
Focused,0.1,metabric,11,,0.0530508474576271,23.745020190461627,
Focused,0.1,metabric,12,,0.0454237288135593,21.73539736717048,
Focused,0.1,metabric,13,,0.0479661016949152,25.003051948946126,
Focused,0.1,metabric,14,,0.0505084745762711,25.351670138975194,
Focused,0.1,metabric,15,,0.0479661016949152,24.72438966183009,
Focused,0.1,metabric,16,,0.0454237288135593,22.00399991536052,
Focused,0.1,metabric,17,,0.0505084745762711,25.694011937858203,
Focused,0.1,metabric,18,,0.0479661016949152,25.04878974777724,
Focused,0.1,metabric,19,,0.055593220338983,24.408871765230955,
Focused,0.1,metabric,20,,0.0479661016949152,24.26525406835517,
Focused,0.1,metabric,21,,0.0505084745762711,22.85279318429,
Focused,0.1,metabric,22,,0.0479661016949152,24.606313322938757,
Focused,0.1,metabric,23,,0.0505084745762711,25.402749322820807,
Focused,0.1,metabric,24,,0.0479661016949152,24.99605798158222,
Focused,0.1,churn,0,,0.1064406779661017,39.76234674517923,
Focused,0.1,churn,1,,0.1089830508474576,30.81739064872833,
Focused,0.1,churn,2,,0.1038983050847457,477.539156338412,
Focused,0.1,churn,3,,0.0962711864406779,103.17351078151094,
Focused,0.1,churn,4,,0.1013559322033898,2906.9674807113324,
Focused,0.1,churn,5,,0.1140677966101695,79.59992760172558,
Focused,0.1,churn,6,,0.0988135593220339,273.1652143517587,
Focused,0.1,churn,7,,0.0988135593220339,137.430658214207,
Focused,0.1,churn,8,,0.0988135593220339,49.60944760306104,
Focused,0.1,churn,9,,0.0759322033898305,444.2255297379496,
Focused,0.1,churn,10,,0.1064406779661017,138.84223472011894,
Focused,0.1,churn,11,,0.1064406779661017,95.39562501651844,
Focused,0.1,churn,12,,0.1064406779661017,521.6819959830605,
Focused,0.1,churn,13,,0.0733898305084745,155.52706866948,
Focused,0.1,churn,14,,0.1013559322033898,1837.0084437731805,
Focused,0.1,churn,15,,0.0733898305084745,1697.014598778891,
Focused,0.1,churn,16,,0.1115254237288135,49.98452498985408,
Focused,0.1,churn,17,,0.1064406779661017,9746.410195600103,
Focused,0.1,churn,18,,0.0759322033898305,200.1079873709564,
Focused,0.1,churn,19,,0.1013559322033898,2229.7320674741645,
Focused,0.1,churn,20,,0.0911864406779661,191.79950919816147,
Focused,0.1,churn,21,,0.0962711864406779,473.0583710328886,
Focused,0.1,churn,22,,0.093728813559322,145.9508747062675,
Focused,0.1,churn,23,,0.1013559322033898,166.59029262917144,
Focused,0.1,churn,24,,0.0911864406779661,382.4477552892912,
Focused,0.1,tcga,0,,-3.9800000000000004,14.099854071806394,
Focused,0.1,tcga,1,,-3.9800000000000004,10.512998733122554,
Focused,0.1,tcga,2,,-3.9800000000000004,10.512998733122554,
Focused,0.1,tcga,3,,-3.9800000000000004,10.012131876648958,
Focused,0.1,tcga,4,,-3.9800000000000004,10.012131876648958,
Focused,0.1,tcga,5,,-3.9800000000000004,9.967270003600879,
Focused,0.1,tcga,6,,-3.9800000000000004,9.967270003600879,
Focused,0.1,tcga,7,,-3.9800000000000004,11.22116365117008,
Focused,0.1,tcga,8,,-3.9800000000000004,11.22116365117008,
Focused,0.1,tcga,9,,-3.9800000000000004,52.36301257689257,
Focused,0.1,tcga,10,,-3.9800000000000004,52.36301257689257,
Focused,0.1,tcga,11,,-3.9800000000000004,11.421266347835706,
Focused,0.1,tcga,12,,-3.9800000000000004,11.421266347835706,
Focused,0.1,tcga,13,,-3.964745762711864,15.577278638329162,
Focused,0.1,tcga,14,,-3.964745762711864,15.577278638329162,
Focused,0.1,tcga,15,,-3.9800000000000004,9.573293292340649,
Focused,0.1,tcga,16,,-3.9800000000000004,9.573293292340649,
Focused,0.1,tcga,17,,-3.9800000000000004,17.873006270682044,
Focused,0.1,tcga,18,,-3.9800000000000004,17.873006270682044,
Focused,0.1,tcga,19,,-3.9800000000000004,8.647628143465672,
Focused,0.1,tcga,20,,-3.9800000000000004,8.647628143465672,
Focused,0.1,tcga,21,,-3.969830508474576,16.18867572566456,
Focused,0.1,tcga,22,,-3.969830508474576,16.18867572566456,
Focused,0.1,tcga,23,,-3.96728813559322,18.064710912673625,
Focused,0.1,tcga,24,,-3.96728813559322,18.064710912673625,
Focused,0.1,nacd,0,,0.0708474576271186,4.27225670887384,
Focused,0.1,nacd,1,,0.0708474576271186,4.933735660810765,
Focused,0.1,nacd,2,,0.0657627118644067,4.7843500087921305,
Focused,0.1,nacd,3,,0.0733898305084745,4.6882083796169765,
Focused,0.1,nacd,4,,0.0632203389830508,4.52906580251982,
Focused,0.1,nacd,5,,0.0606779661016949,4.525176468024708,
Focused,0.1,nacd,6,,0.0683050847457627,5.001597201101992,
Focused,0.1,nacd,7,,0.0632203389830508,5.187135002677925,
Focused,0.1,nacd,8,,0.0683050847457627,4.874719004817194,
Focused,0.1,nacd,9,,0.0683050847457627,4.746254355520661,
Focused,0.1,nacd,10,,0.0683050847457627,4.903662329782804,
Focused,0.1,nacd,11,,0.0759322033898305,4.7380192694549415,
Focused,0.1,nacd,12,,0.0810169491525423,4.5756422229891935,
Focused,0.1,nacd,13,,0.0632203389830508,4.6712820305232015,
Focused,0.1,nacd,14,,0.0784745762711864,5.126923327668575,
Focused,0.1,nacd,15,,0.0784745762711864,4.636337686929571,
Focused,0.1,nacd,16,,0.0759322033898305,4.591683545889766,
Focused,0.1,nacd,17,,0.0733898305084745,4.44610290267102,
Focused,0.1,nacd,18,,0.0708474576271186,4.871184754724609,
Focused,0.1,nacd,19,,0.0759322033898305,4.810815975655332,
Focused,0.1,nacd,20,,0.0683050847457627,4.67103565797552,
Focused,0.1,nacd,21,,0.0733898305084745,4.529343695854402,
Focused,0.1,nacd,22,,0.0683050847457627,4.208935384838824,
Focused,0.1,nacd,23,,0.0810169491525423,4.89144046899745,
Focused,0.1,nacd,24,,0.0733898305084745,4.863123742907431,
Focused,0.1,gbsg,0,,0.0835593220338983,11.46573683314938,
Focused,0.1,gbsg,1,,0.0810169491525423,10.762116802775482,
Focused,0.1,gbsg,2,,0.0886440677966101,11.470533703342529,
Focused,0.1,gbsg,3,,0.093728813559322,11.919209583896029,
Focused,0.1,gbsg,4,,0.0911864406779661,12.111017878391523,
Focused,0.1,gbsg,5,,0.0810169491525423,11.279341209763858,
Focused,0.1,gbsg,6,,0.0911864406779661,12.73579964434708,
Focused,0.1,gbsg,7,,0.0784745762711864,11.09567518105414,
Focused,0.1,gbsg,8,,0.0886440677966101,12.18202068834472,
Focused,0.1,gbsg,9,,0.0810169491525423,11.412368720220009,
Focused,0.1,gbsg,10,,0.0810169491525423,11.072129214051609,
Focused,0.1,gbsg,11,,0.0810169491525423,11.13380054799424,
Focused,0.1,gbsg,12,,0.0835593220338983,11.778201364581788,
Focused,0.1,gbsg,13,,0.0861016949152542,11.268725649038291,
Focused,0.1,gbsg,14,,0.0835593220338983,11.587831866071213,
Focused,0.1,gbsg,15,,0.0886440677966101,12.353245499854792,
Focused,0.1,gbsg,16,,0.0810169491525423,11.01281588936445,
Focused,0.1,gbsg,17,,0.0835593220338983,11.778799134737632,
Focused,0.1,gbsg,18,,0.0835593220338983,11.342330197383784,
Focused,0.1,gbsg,19,,0.0810169491525423,11.080045314417376,
Focused,0.1,gbsg,20,,0.0861016949152542,11.415428082928395,
Focused,0.1,gbsg,21,,0.0886440677966101,12.189606149147696,
Focused,0.1,gbsg,22,,0.0886440677966101,11.785799775009464,
Focused,0.1,gbsg,23,,0.0835593220338983,11.537894607574916,
Focused,0.1,gbsg,24,,0.0835593220338983,11.399522515959124,
Fused,0.1,tcga,0,,-3.96728813559322,11.246478524232085,
Fused,0.1,tcga,1,,-3.96728813559322,11.246478524232085,
Fused,0.1,tcga,2,,-3.9800000000000004,7.378757723451981,
Fused,0.1,tcga,3,,-3.9800000000000004,7.378757723451981,
Fused,0.1,tcga,4,,-3.9800000000000004,8.483294007296587,
Fused,0.1,tcga,5,,-3.9800000000000004,8.483294007296587,
Fused,0.1,tcga,6,,-3.9800000000000004,8.83514256748274,
Fused,0.1,tcga,7,,-3.9800000000000004,8.83514256748274,
Fused,0.1,tcga,8,,-3.9800000000000004,12.269632928733671,
Fused,0.1,tcga,9,,-3.9800000000000004,12.269632928733671,
Fused,0.1,tcga,10,,-3.9800000000000004,12.431759466991167,
Fused,0.1,tcga,11,,-3.9800000000000004,12.431759466991167,
Fused,0.1,tcga,12,,-3.9800000000000004,16.75158094183221,
Fused,0.1,tcga,13,,-3.9800000000000004,16.75158094183221,
Fused,0.1,tcga,14,,-3.9800000000000004,23.652491045265666,
Fused,0.1,tcga,15,,-3.9800000000000004,23.652491045265666,
Fused,0.1,tcga,16,,-3.9800000000000004,11.786496466095015,
Fused,0.1,tcga,17,,-3.9800000000000004,11.786496466095015,
Fused,0.1,tcga,18,,-3.9800000000000004,13.122977555813318,
Fused,0.1,tcga,19,,-3.9800000000000004,13.122977555813318,
Fused,0.1,tcga,20,,-3.9800000000000004,11.099443021025568,
Fused,0.1,tcga,21,,-3.9800000000000004,11.099443021025568,
Fused,0.1,tcga,22,,-3.9800000000000004,13.008972019479966,
Fused,0.1,tcga,23,,-3.9800000000000004,13.008972019479966,
Fused,0.1,tcga,24,,-3.9800000000000004,14.099854071806394,
Fused,0.1,support,0,,0.093728813559322,8.647593491097789,1.0
Fused,0.1,support,1,,0.093728813559322,9.129665274926989,1.0
Fused,0.1,support,2,,0.0988135593220339,9.698616186030169,1.0
Fused,0.1,support,3,,0.093728813559322,9.281149074809782,1.0
Fused,0.1,support,4,,0.0962711864406779,9.120629777194958,1.0
Fused,0.1,support,5,,0.093728813559322,8.83929643278427,1.0
Fused,0.1,support,6,,0.0962711864406779,8.601173411874365,1.0
Fused,0.1,support,7,,0.0988135593220339,9.647755659754434,1.0
Fused,0.1,support,8,,0.093728813559322,8.877957767307612,1.0
Fused,0.1,support,9,,0.0962711864406779,9.40158944962442,1.0
Fused,0.1,support,10,,0.1013559322033898,8.867458455300037,1.0
Fused,0.1,support,11,,0.0988135593220339,10.3184598946784,1.0
Fused,0.1,support,12,,0.1013559322033898,10.49844643531722,1.0
Fused,0.1,support,13,,0.1013559322033898,9.596841961233986,1.0
Fused,0.1,support,14,,0.0962711864406779,9.702275582683564,1.0
Fused,0.1,support,15,,0.0988135593220339,9.507315926466053,1.0
Fused,0.1,support,16,,0.093728813559322,9.624002115233838,1.0
Fused,0.1,support,17,,0.1013559322033898,10.307615603422589,1.0
Fused,0.1,support,18,,0.1013559322033898,9.428266124775975,1.0
Fused,0.1,support,19,,0.1013559322033898,9.40776034020578,1.0
Fused,0.1,support,20,,0.0962711864406779,9.542521496758877,1.0
Fused,0.1,support,21,,0.0962711864406779,9.36015498874234,1.0
Fused,0.1,support,22,,0.0962711864406779,9.35790030664775,1.0
Fused,0.1,support,23,,0.0988135593220339,9.09603154572448,1.0
Fused,0.1,support,24,,0.0988135593220339,9.600097501052948,1.0
Fused,0.1,metabric,0,,0.0733898305084745,28.8033081346172,1.0
Fused,0.1,metabric,1,,0.0632203389830508,29.074043826424,1.0
Fused,0.1,metabric,2,,0.0733898305084745,30.51847565876725,1.0
Fused,0.1,metabric,3,,0.0683050847457627,27.594106930498377,1.0
Fused,0.1,metabric,4,,0.0835593220338983,30.371026873330106,1.0
Fused,0.1,metabric,5,,0.0733898305084745,30.066497718954786,1.0
Fused,0.1,metabric,6,,0.0708474576271186,30.973989442132652,1.0
Fused,0.1,metabric,7,,0.0810169491525423,31.01633138786862,1.0
Fused,0.1,metabric,8,,0.0759322033898305,30.770471514501505,1.0
Fused,0.1,metabric,9,,0.0632203389830508,29.74778741762416,1.0
Fused,0.1,metabric,10,,0.0683050847457627,29.3966550161786,1.0
Fused,0.1,metabric,11,,0.0759322033898305,29.35718173166156,1.0
Fused,0.1,metabric,12,,0.0759322033898305,29.394563417679464,1.0
Fused,0.1,metabric,13,,0.0632203389830508,29.538780625825023,1.0
Fused,0.1,metabric,14,,0.0657627118644067,29.693862271922985,1.0
Fused,0.1,metabric,15,,0.0657627118644067,29.81410139650497,1.0
Fused,0.1,metabric,16,,0.0810169491525423,31.114141681126338,1.0
Fused,0.1,metabric,17,,0.0606779661016949,28.84058155034731,1.0
Fused,0.1,metabric,18,,0.0632203389830508,29.617093893577312,1.0
Fused,0.1,metabric,19,,0.0784745762711864,30.002723525498418,1.0
Fused,0.1,metabric,20,,0.0657627118644067,29.29914746156176,1.0
Fused,0.1,metabric,21,,0.0810169491525423,30.22298659526018,1.0
Fused,0.1,metabric,22,,0.0683050847457627,30.370216815838717,1.0
Fused,0.1,metabric,23,,0.0606779661016949,28.40846786263925,1.0
Fused,0.1,metabric,24,,0.0657627118644067,30.313502690457383,1.0
Fused,0.1,churn,0,,0.1064406779661017,39.76234674517923,0.0
Fused,0.1,churn,1,,0.1089830508474576,30.81739064872833,0.0
Fused,0.1,churn,2,,0.1038983050847457,477.539156338412,0.0
Fused,0.1,churn,3,,0.0962711864406779,103.17351078151094,0.0
Fused,0.1,churn,4,,0.1013559322033898,2906.9674807113324,0.0
Fused,0.1,churn,5,,0.1140677966101695,79.59992760172558,0.0
Fused,0.1,churn,6,,0.0988135593220339,273.1652143517587,0.0
Fused,0.1,churn,7,,0.0988135593220339,137.430658214207,0.0
Fused,0.1,churn,8,,0.0988135593220339,49.60944760306104,0.0
Fused,0.1,churn,9,,0.0759322033898305,444.2255297379496,0.0
Fused,0.1,churn,10,,0.1064406779661017,138.84223472011894,0.0
Fused,0.1,churn,11,,0.1064406779661017,95.39562501651844,0.0
Fused,0.1,churn,12,,0.1064406779661017,521.6819959830605,0.0
Fused,0.1,churn,13,,0.0733898305084745,155.52706866948,0.0
Fused,0.1,churn,14,,0.1013559322033898,1837.0084437731805,0.0
Fused,0.1,churn,15,,0.0733898305084745,1697.014598778891,0.0
Fused,0.1,churn,16,,0.1115254237288135,49.98452498985408,0.0
Fused,0.1,churn,17,,0.1064406779661017,9746.410195600103,0.0
Fused,0.1,churn,18,,0.0759322033898305,200.1079873709564,0.0
Fused,0.1,churn,19,,0.1013559322033898,2229.7320674741645,0.0
Fused,0.1,churn,20,,0.0911864406779661,191.79950919816147,0.0
Fused,0.1,churn,21,,0.0962711864406779,473.0583710328886,0.0
Fused,0.1,churn,22,,0.093728813559322,145.9508747062675,0.0
Fused,0.1,churn,23,,0.1013559322033898,166.59029262917144,0.0
Fused,0.1,churn,24,,0.0911864406779661,382.4477552892912,0.0
Fused,0.1,tcga,0,,-3.9800000000000004,14.099854071806394,
Fused,0.1,tcga,1,,-3.9800000000000004,10.512998733122554,
Fused,0.1,tcga,2,,-3.9800000000000004,10.512998733122554,
Fused,0.1,tcga,3,,-3.9800000000000004,10.012131876648958,
Fused,0.1,tcga,4,,-3.9800000000000004,10.012131876648958,
Fused,0.1,tcga,5,,-3.9800000000000004,9.967270003600879,
Fused,0.1,tcga,6,,-3.9800000000000004,9.967270003600879,
Fused,0.1,tcga,7,,-3.9800000000000004,11.22116365117008,
Fused,0.1,tcga,8,,-3.9800000000000004,11.22116365117008,
Fused,0.1,tcga,9,,-3.9800000000000004,52.36301257689257,
Fused,0.1,tcga,10,,-3.9800000000000004,52.36301257689257,
Fused,0.1,tcga,11,,-3.9800000000000004,11.421266347835706,
Fused,0.1,tcga,12,,-3.9800000000000004,11.421266347835706,
Fused,0.1,tcga,13,,-3.964745762711864,15.577278638329162,
Fused,0.1,tcga,14,,-3.964745762711864,15.577278638329162,
Fused,0.1,tcga,15,,-3.9800000000000004,9.573293292340649,
Fused,0.1,tcga,16,,-3.9800000000000004,9.573293292340649,
Fused,0.1,tcga,17,,-3.9800000000000004,17.873006270682044,
Fused,0.1,tcga,18,,-3.9800000000000004,17.873006270682044,
Fused,0.1,tcga,19,,-3.9800000000000004,8.647628143465672,
Fused,0.1,tcga,20,,-3.9800000000000004,8.647628143465672,
Fused,0.1,tcga,21,,-3.969830508474576,16.18867572566456,
Fused,0.1,tcga,22,,-3.969830508474576,16.18867572566456,
Fused,0.1,tcga,23,,-3.96728813559322,18.064710912673625,
Fused,0.1,tcga,24,,-3.96728813559322,18.064710912673625,
Fused,0.1,nacd,0,,0.0708474576271186,4.27225670887384,0.0
Fused,0.1,nacd,1,,0.0708474576271186,4.933735660810765,0.0
Fused,0.1,nacd,2,,0.0657627118644067,4.7843500087921305,0.0
Fused,0.1,nacd,3,,0.0733898305084745,4.6882083796169765,0.0
Fused,0.1,nacd,4,,0.0632203389830508,4.52906580251982,0.0
Fused,0.1,nacd,5,,0.0606779661016949,4.525176468024708,0.0
Fused,0.1,nacd,6,,0.0683050847457627,5.001597201101992,0.0
Fused,0.1,nacd,7,,0.0632203389830508,5.187135002677925,0.0
Fused,0.1,nacd,8,,0.0683050847457627,4.874719004817194,0.0
Fused,0.1,nacd,9,,0.0683050847457627,4.746254355520661,0.0
Fused,0.1,nacd,10,,0.0683050847457627,4.903662329782804,0.0
Fused,0.1,nacd,11,,0.0759322033898305,4.7380192694549415,0.0
Fused,0.1,nacd,12,,0.0810169491525423,4.5756422229891935,0.0
Fused,0.1,nacd,13,,0.0632203389830508,4.6712820305232015,0.0
Fused,0.1,nacd,14,,0.0784745762711864,5.126923327668575,0.0
Fused,0.1,nacd,15,,0.0784745762711864,4.636337686929571,0.0
Fused,0.1,nacd,16,,0.0759322033898305,4.591683545889766,0.0
Fused,0.1,nacd,17,,0.0733898305084745,4.44610290267102,0.0
Fused,0.1,nacd,18,,0.0708474576271186,4.871184754724609,0.0
Fused,0.1,nacd,19,,0.0759322033898305,4.810815975655332,0.0
Fused,0.1,nacd,20,,0.0683050847457627,4.67103565797552,0.0
Fused,0.1,nacd,21,,0.0733898305084745,4.529343695854402,0.0
Fused,0.1,nacd,22,,0.0683050847457627,4.208935384838824,0.0
Fused,0.1,nacd,23,,0.0810169491525423,4.89144046899745,0.0
Fused,0.1,nacd,24,,0.0733898305084745,4.863123742907431,0.0
Fused,0.1,gbsg,0,,0.1089830508474576,13.785582550192125,0.95
Fused,0.1,gbsg,1,,0.1064406779661017,12.992574810159402,0.9833333333333332
Fused,0.1,gbsg,2,,0.1089830508474576,13.20476688277364,0.95
Fused,0.1,gbsg,3,,0.1089830508474576,13.202133987887668,0.9833333333333332
Fused,0.1,gbsg,4,,0.1115254237288135,13.988759889846436,0.9
Fused,0.1,gbsg,5,,0.1115254237288135,14.081532646790702,0.95
Fused,0.1,gbsg,6,,0.1064406779661017,14.189805479034089,0.9833333333333332
Fused,0.1,gbsg,7,,0.1064406779661017,13.689482931859091,0.9833333333333332
Fused,0.1,gbsg,8,,0.1089830508474576,14.097232894466122,0.9666666666666668
Fused,0.1,gbsg,9,,0.1064406779661017,13.801539828594422,0.9833333333333332
Fused,0.1,gbsg,10,,0.1064406779661017,13.381834626178415,1.0
Fused,0.1,gbsg,11,,0.1140677966101695,14.124277509122408,0.95
Fused,0.1,gbsg,12,,0.1038983050847457,13.765741302435488,0.9666666666666668
Fused,0.1,gbsg,13,,0.1089830508474576,13.252125885920616,0.95
Fused,0.1,gbsg,14,,0.1115254237288135,14.171758202039287,0.8833333333333333
Fused,0.1,gbsg,15,,0.1115254237288135,14.57127985932896,0.9166666666666666
Fused,0.1,gbsg,16,,0.1089830508474576,13.542817638179464,0.95
Fused,0.1,gbsg,17,,0.1038983050847457,13.802115094040484,0.9666666666666668
Fused,0.1,gbsg,18,,0.1166101694915254,14.392634548025711,1.0
Fused,0.1,gbsg,19,,0.1115254237288135,13.833287902535504,0.9333333333333332
Fused,0.1,gbsg,20,,0.1089830508474576,13.435038298388184,0.9
Fused,0.1,gbsg,21,,0.1089830508474576,14.135771532339223,0.9333333333333332
Fused,0.1,gbsg,22,,0.1115254237288135,13.865099763987832,0.95
Fused,0.1,gbsg,23,,0.1089830508474576,13.93070176096067,0.9333333333333332
Fused,0.1,gbsg,24,,0.1140677966101695,14.184375337629652,0.9333333333333332
Naive,0.1,tcga,0,,-4.98,5.993419800665123,
Naive,0.1,tcga,1,,-4.98,5.993419800665123,
Naive,0.1,tcga,2,,-4.98,6.378757723451981,
Naive,0.1,tcga,3,,-4.98,6.378757723451981,
Naive,0.1,tcga,4,,-4.98,7.483294007296587,
Naive,0.1,tcga,5,,-4.98,7.483294007296587,
Naive,0.1,tcga,6,,-4.98,7.835142567482739,
Naive,0.1,tcga,7,,-4.98,7.835142567482739,
Naive,0.1,tcga,8,,-4.98,11.269632928733671,
Naive,0.1,tcga,9,,-4.98,11.269632928733671,
Naive,0.1,tcga,10,,-4.98,11.431759466991167,
Naive,0.1,tcga,11,,-4.98,11.431759466991167,
Naive,0.1,tcga,12,,-4.98,15.75158094183221,
Naive,0.1,tcga,13,,-4.98,15.75158094183221,
Naive,0.1,tcga,14,,-4.98,22.652491045265666,
Naive,0.1,tcga,15,,-4.98,22.652491045265666,
Naive,0.1,tcga,16,,-4.98,10.786496466095015,
Naive,0.1,tcga,17,,-4.98,10.786496466095015,
Naive,0.1,tcga,18,,-4.98,12.122977555813318,
Naive,0.1,tcga,19,,-4.98,12.122977555813318,
Naive,0.1,tcga,20,,-4.98,10.099443021025568,
Naive,0.1,tcga,21,,-4.98,10.099443021025568,
Naive,0.1,tcga,22,,-4.98,12.008972019479966,
Naive,0.1,tcga,23,,-4.98,12.008972019479966,
Naive,0.1,tcga,24,,-4.98,13.099854071806394,
Naive,0.1,support,0,,0.093728813559322,8.647593491097789,
Naive,0.1,support,1,,0.093728813559322,9.129665274926989,
Naive,0.1,support,2,,0.0988135593220339,9.698616186030169,
Naive,0.1,support,3,,0.093728813559322,9.281149074809782,
Naive,0.1,support,4,,0.0962711864406779,9.120629777194958,
Naive,0.1,support,5,,0.093728813559322,8.83929643278427,
Naive,0.1,support,6,,0.0962711864406779,8.601173411874365,
Naive,0.1,support,7,,0.0988135593220339,9.647755659754434,
Naive,0.1,support,8,,0.093728813559322,8.877957767307612,
Naive,0.1,support,9,,0.0962711864406779,9.40158944962442,
Naive,0.1,support,10,,0.1013559322033898,8.867458455300037,
Naive,0.1,support,11,,0.0988135593220339,10.3184598946784,
Naive,0.1,support,12,,0.1013559322033898,10.49844643531722,
Naive,0.1,support,13,,0.1013559322033898,9.596841961233986,
Naive,0.1,support,14,,0.0962711864406779,9.702275582683564,
Naive,0.1,support,15,,0.0988135593220339,9.507315926466053,
Naive,0.1,support,16,,0.093728813559322,9.624002115233838,
Naive,0.1,support,17,,0.1013559322033898,10.307615603422589,
Naive,0.1,support,18,,0.1013559322033898,9.428266124775975,
Naive,0.1,support,19,,0.1013559322033898,9.40776034020578,
Naive,0.1,support,20,,0.0962711864406779,9.542521496758877,
Naive,0.1,support,21,,0.0962711864406779,9.36015498874234,
Naive,0.1,support,22,,0.0962711864406779,9.35790030664775,
Naive,0.1,support,23,,0.0988135593220339,9.09603154572448,
Naive,0.1,support,24,,0.0988135593220339,9.600097501052948,
Naive,0.1,metabric,0,,0.0733898305084745,28.8033081346172,
Naive,0.1,metabric,1,,0.0632203389830508,29.074043826424,
Naive,0.1,metabric,2,,0.0733898305084745,30.51847565876725,
Naive,0.1,metabric,3,,0.0683050847457627,27.594106930498377,
Naive,0.1,metabric,4,,0.0835593220338983,30.371026873330106,
Naive,0.1,metabric,5,,0.0733898305084745,30.066497718954786,
Naive,0.1,metabric,6,,0.0708474576271186,30.973989442132652,
Naive,0.1,metabric,7,,0.0810169491525423,31.01633138786862,
Naive,0.1,metabric,8,,0.0759322033898305,30.770471514501505,
Naive,0.1,metabric,9,,0.0632203389830508,29.74778741762416,
Naive,0.1,metabric,10,,0.0683050847457627,29.3966550161786,
Naive,0.1,metabric,11,,0.0759322033898305,29.35718173166156,
Naive,0.1,metabric,12,,0.0759322033898305,29.394563417679464,
Naive,0.1,metabric,13,,0.0632203389830508,29.538780625825023,
Naive,0.1,metabric,14,,0.0657627118644067,29.693862271922985,
Naive,0.1,metabric,15,,0.0657627118644067,29.81410139650497,
Naive,0.1,metabric,16,,0.0810169491525423,31.114141681126338,
Naive,0.1,metabric,17,,0.0606779661016949,28.84058155034731,
Naive,0.1,metabric,18,,0.0632203389830508,29.617093893577312,
Naive,0.1,metabric,19,,0.0784745762711864,30.002723525498418,
Naive,0.1,metabric,20,,0.0657627118644067,29.29914746156176,
Naive,0.1,metabric,21,,0.0810169491525423,30.22298659526018,
Naive,0.1,metabric,22,,0.0683050847457627,30.370216815838717,
Naive,0.1,metabric,23,,0.0606779661016949,28.40846786263925,
Naive,0.1,metabric,24,,0.0657627118644067,30.313502690457383,
Naive,0.1,churn,0,,0.02,8.987210854032783,
Naive,0.1,churn,1,,0.02,7.31301707349407,
Naive,0.1,churn,2,,0.02,93.69329343410014,
Naive,0.1,churn,3,,0.02,23.11407734380818,
Naive,0.1,churn,4,,0.02,575.3858472587922,
Naive,0.1,churn,5,,0.02,15.77657353462856,
Naive,0.1,churn,6,,0.02,57.032738567321246,
Naive,0.1,churn,7,,0.02,29.57854317459834,
Naive,0.1,churn,8,,0.02,11.575563923752965,
Naive,0.1,churn,9,,0.02,118.58777779721191,
Naive,0.1,churn,10,,0.02,27.737142315119364,
Naive,0.1,churn,11,,0.02,19.72604427465324,
Naive,0.1,churn,12,,0.02,99.89214364024654,
Naive,0.1,churn,13,,0.02,43.87398982988319,
Naive,0.1,churn,14,,0.02,364.181071141241,
Naive,0.1,churn,15,,0.02,464.1407200294038,
Naive,0.1,churn,16,,0.02,10.725562681188878,
Naive,0.1,churn,17,,0.02,1833.199203144522,
Naive,0.1,churn,18,,0.02,54.33084186221405,
Naive,0.1,churn,19,,0.02,441.80252485331,
Naive,0.1,churn,20,,0.02,43.72324876011875,
Naive,0.1,churn,21,,0.02,99.93977775142126,
Naive,0.1,churn,22,,0.02,32.78212114126158,
Naive,0.1,churn,23,,0.02,34.56422660135492,
Naive,0.1,churn,24,,0.02,85.673581618881,
Naive,0.1,tcga,0,,-4.98,13.099854071806394,
Naive,0.1,tcga,1,,-4.98,9.512998733122554,
Naive,0.1,tcga,2,,-4.98,9.512998733122554,
Naive,0.1,tcga,3,,-4.98,9.012131876648958,
Naive,0.1,tcga,4,,-4.98,9.012131876648958,
Naive,0.1,tcga,5,,-4.98,8.967270003600879,
Naive,0.1,tcga,6,,-4.98,8.967270003600879,
Naive,0.1,tcga,7,,-4.98,10.22116365117008,
Naive,0.1,tcga,8,,-4.98,10.22116365117008,
Naive,0.1,tcga,9,,-4.98,51.36301257689257,
Naive,0.1,tcga,10,,-4.98,51.36301257689257,
Naive,0.1,tcga,11,,-4.98,10.421266347835706,
Naive,0.1,tcga,12,,-4.98,10.421266347835706,
Naive,0.1,tcga,13,,-4.98,7.765460988742346,
Naive,0.1,tcga,14,,-4.98,7.765460988742346,
Naive,0.1,tcga,15,,-4.98,8.573293292340649,
Naive,0.1,tcga,16,,-4.98,8.573293292340649,
Naive,0.1,tcga,17,,-4.98,16.873006270682044,
Naive,0.1,tcga,18,,-4.98,16.873006270682044,
Naive,0.1,tcga,19,,-4.98,7.647628143465672,
Naive,0.1,tcga,20,,-4.98,7.647628143465672,
Naive,0.1,tcga,21,,-4.98,9.824151558480356,
Naive,0.1,tcga,22,,-4.98,9.824151558480356,
Naive,0.1,tcga,23,,-4.98,10.72507282233458,
Naive,0.1,tcga,24,,-4.98,10.72507282233458,
Naive,0.1,nacd,0,,0.0581355932203389,3.667730640501182,
Naive,0.1,nacd,1,,0.0505084745762711,3.800836664743946,
Naive,0.1,nacd,2,,0.0505084745762711,3.9038662032923583,
Naive,0.1,nacd,3,,0.0581355932203389,3.915452119574984,
Naive,0.1,nacd,4,,0.0479661016949152,3.71822849907757,
Naive,0.1,nacd,5,,0.0454237288135593,3.648297704654899,
Naive,0.1,nacd,6,,0.0479661016949152,3.831650701425518,
Naive,0.1,nacd,7,,0.0479661016949152,4.173998233890786,
Naive,0.1,nacd,8,,0.0428813559322033,3.452213002231509,
Naive,0.1,nacd,9,,0.0505084745762711,3.7878357389993993,
Naive,0.1,nacd,10,,0.0479661016949152,3.748407230619753,
Naive,0.1,nacd,11,,0.0581355932203389,3.824653169469365,
Naive,0.1,nacd,12,,0.0632203389830508,3.730210941287481,
Naive,0.1,nacd,13,,0.0428813559322033,3.5145202982463646,
Naive,0.1,nacd,14,,0.0530508474576271,3.7564801134815617,
Naive,0.1,nacd,15,,0.0632203389830508,3.8976925528338486,
Naive,0.1,nacd,16,,0.0581355932203389,3.706960039201016,
Naive,0.1,nacd,17,,0.055593220338983,3.569009992839317,
Naive,0.1,nacd,18,,0.0505084745762711,3.758144053968687,
Naive,0.1,nacd,19,,0.055593220338983,3.778050978279539,
Naive,0.1,nacd,20,,0.0505084745762711,3.7018903302261807,
Naive,0.1,nacd,21,,0.0606779661016949,3.8963717574581977,
Naive,0.1,nacd,22,,0.055593220338983,3.591043106386928,
Naive,0.1,nacd,23,,0.0581355932203389,3.7683798567765687,
Naive,0.1,nacd,24,,0.0505084745762711,3.646957196940338,
Naive,0.1,gbsg,0,,0.1089830508474576,13.785582550192125,
Naive,0.1,gbsg,1,,0.1064406779661017,12.992574810159402,
Naive,0.1,gbsg,2,,0.1089830508474576,13.20476688277364,
Naive,0.1,gbsg,3,,0.1089830508474576,13.202133987887668,
Naive,0.1,gbsg,4,,0.1115254237288135,13.988759889846436,
Naive,0.1,gbsg,5,,0.1115254237288135,14.081532646790702,
Naive,0.1,gbsg,6,,0.1064406779661017,14.189805479034089,
Naive,0.1,gbsg,7,,0.1064406779661017,13.689482931859091,
Naive,0.1,gbsg,8,,0.1089830508474576,14.097232894466122,
Naive,0.1,gbsg,9,,0.1064406779661017,13.801539828594422,
Naive,0.1,gbsg,10,,0.1064406779661017,13.381834626178415,
Naive,0.1,gbsg,11,,0.1140677966101695,14.124277509122408,
Naive,0.1,gbsg,12,,0.1038983050847457,13.765741302435488,
Naive,0.1,gbsg,13,,0.1089830508474576,13.252125885920616,
Naive,0.1,gbsg,14,,0.1115254237288135,14.171758202039287,
Naive,0.1,gbsg,15,,0.1115254237288135,14.57127985932896,
Naive,0.1,gbsg,16,,0.1089830508474576,13.542817638179464,
Naive,0.1,gbsg,17,,0.1038983050847457,13.802115094040484,
Naive,0.1,gbsg,18,,0.1166101694915254,14.392634548025711,
Naive,0.1,gbsg,19,,0.1115254237288135,13.833287902535504,
Naive,0.1,gbsg,20,,0.1089830508474576,13.435038298388184,
Naive,0.1,gbsg,21,,0.1089830508474576,14.135771532339223,
Naive,0.1,gbsg,22,,0.1115254237288135,13.865099763987832,
Naive,0.1,gbsg,23,,0.1089830508474576,13.93070176096067,
Naive,0.1,gbsg,24,,0.1140677966101695,14.184375337629652,
CSD,0.1,tcga,0,,,46.715758178187485,
CSD,0.1,tcga,1,,,47.12811078750818,
CSD,0.1,tcga,2,,,47.97242771166015,
CSD,0.1,tcga,3,,,46.56667693587209,
CSD,0.1,tcga,4,,,45.79417174702092,
CSD,0.1,tcga,5,,,53.37477047802192,
CSD,0.1,tcga,6,,,42.92949960718433,
CSD,0.1,tcga,7,,,46.44044239542749,
CSD,0.1,tcga,8,,,45.2942957029392,
CSD,0.1,tcga,9,,,46.08313948672996,
CSD,0.1,tcga,10,,,46.10845899966893,
CSD,0.1,tcga,11,,,46.48840971360462,
CSD,0.1,tcga,12,,,47.427082835530086,
CSD,0.1,tcga,13,,,47.91441952525694,
CSD,0.1,tcga,14,,,46.78694279903194,
CSD,0.1,tcga,15,,,47.48837731218831,
CSD,0.1,tcga,16,,,48.43664404536318,
CSD,0.1,tcga,17,,,47.35705948105259,
CSD,0.1,tcga,18,,,45.30697877452532,
CSD,0.1,tcga,19,,,48.10666455709077,
CSD,0.1,tcga,20,,,45.30417738756682,
CSD,0.1,tcga,21,,,46.36879388507198,
CSD,0.1,tcga,22,,,45.4837123512499,
CSD,0.1,tcga,23,,,44.4211426431671,
CSD,0.1,tcga,24,,,45.459732376069184,
CSD,0.1,support,0,,,9.501876463117656,
CSD,0.1,support,1,,,10.08614198961586,
CSD,0.1,support,2,,,10.06129330193238,
CSD,0.1,support,3,,,10.281204976113813,
CSD,0.1,support,4,,,9.725567451248429,
CSD,0.1,support,5,,,9.72625174196561,
CSD,0.1,support,6,,,9.21241781843967,
CSD,0.1,support,7,,,10.070701232786718,
CSD,0.1,support,8,,,9.711986650144544,
CSD,0.1,support,9,,,10.110337910912866,
CSD,0.1,support,10,,,9.039141867159252,
CSD,0.1,support,11,,,10.622455465957104,
CSD,0.1,support,12,,,10.669805598635657,
CSD,0.1,support,13,,,9.75421812295106,
CSD,0.1,support,14,,,10.416767137264952,
CSD,0.1,support,15,,,9.926884122940738,
CSD,0.1,support,16,,,10.639199733322814,
CSD,0.1,support,17,,,10.377646311529256,
CSD,0.1,support,18,,,9.5331530787423,
CSD,0.1,support,19,,,9.561485469517448,
CSD,0.1,support,20,,,10.282540230239938,
CSD,0.1,support,21,,,10.024801119341134,
CSD,0.1,support,22,,,10.060042924981987,
CSD,0.1,support,23,,,9.443477568375805,
CSD,0.1,support,24,,,10.059914730295906,
CSD,0.1,metabric,0,,,35.33023852294542,
CSD,0.1,metabric,1,,,37.77008476681899,
CSD,0.1,metabric,2,,,37.22886392479798,
CSD,0.1,metabric,3,,,35.28786442867152,
CSD,0.1,metabric,4,,,35.531251411793,
CSD,0.1,metabric,5,,,36.26400941679957,
CSD,0.1,metabric,6,,,38.42305557255231,
CSD,0.1,metabric,7,,,35.33989729972835,
CSD,0.1,metabric,8,,,36.17555130245213,
CSD,0.1,metabric,9,,,39.580324644346,
CSD,0.1,metabric,10,,,37.17388758789234,
CSD,0.1,metabric,11,,,36.001445614765345,
CSD,0.1,metabric,12,,,35.03188293992758,
CSD,0.1,metabric,13,,,38.237477006606994,
CSD,0.1,metabric,14,,,38.82271602948301,
CSD,0.1,metabric,15,,,38.28017531188125,
CSD,0.1,metabric,16,,,37.02299487350479,
CSD,0.1,metabric,17,,,39.11899795972926,
CSD,0.1,metabric,18,,,39.25505848041919,
CSD,0.1,metabric,19,,,34.02783117933579,
CSD,0.1,metabric,20,,,37.18719238336096,
CSD,0.1,metabric,21,,,35.12156880414992,
CSD,0.1,metabric,22,,,38.53941802358155,
CSD,0.1,metabric,23,,,38.01977753495671,
CSD,0.1,metabric,24,,,40.06842877865099,
CSD,0.1,churn,0,,,33.77784723774057,
CSD,0.1,churn,1,,,24.327822917948545,
CSD,0.1,churn,2,,,453.97168240234174,
CSD,0.1,churn,3,,,102.51336669696413,
CSD,0.1,churn,4,,,2856.502808960848,
CSD,0.1,churn,5,,,65.06058794253661,
CSD,0.1,churn,6,,,269.499077601822,
CSD,0.1,churn,7,,,132.7861935859142,
CSD,0.1,churn,8,,,45.86582142629341,
CSD,0.1,churn,9,,,577.0837462635719,
CSD,0.1,churn,10,,,126.0106697135096,
CSD,0.1,churn,11,,,84.78691112339106,
CSD,0.1,churn,12,,,483.567681916536,
CSD,0.1,churn,13,,,203.91800230340664,
CSD,0.1,churn,14,,,1804.1807922536425,
CSD,0.1,churn,15,,,2295.892882516664,
CSD,0.1,churn,16,,,41.04681532697161,
CSD,0.1,churn,17,,,9145.765209936224,
CSD,0.1,churn,18,,,256.27281180693484,
CSD,0.1,churn,19,,,2191.817936698097,
CSD,0.1,churn,20,,,205.57934185040395,
CSD,0.1,churn,21,,,484.4079525991081,
CSD,0.1,churn,22,,,149.78393355710335,
CSD,0.1,churn,23,,,157.33050445643437,
CSD,0.1,churn,24,,,412.9339525788445,
CSD,0.1,tcga,0,,,46.715758178187485,
CSD,0.1,tcga,1,,,47.12811078750818,
CSD,0.1,tcga,2,,,47.97242771166015,
CSD,0.1,tcga,3,,,46.56667693587209,
CSD,0.1,tcga,4,,,45.79417174702092,
CSD,0.1,tcga,5,,,53.37477047802192,
CSD,0.1,tcga,6,,,42.92949960718433,
CSD,0.1,tcga,7,,,46.44044239542749,
CSD,0.1,tcga,8,,,45.2942957029392,
CSD,0.1,tcga,9,,,46.08313948672996,
CSD,0.1,tcga,10,,,46.10845899966893,
CSD,0.1,tcga,11,,,46.48840971360462,
CSD,0.1,tcga,12,,,47.427082835530086,
CSD,0.1,tcga,13,,,47.91441952525694,
CSD,0.1,tcga,14,,,46.78694279903194,
CSD,0.1,tcga,15,,,47.48837731218831,
CSD,0.1,tcga,16,,,48.43664404536318,
CSD,0.1,tcga,17,,,47.35705948105259,
CSD,0.1,tcga,18,,,45.30697877452532,
CSD,0.1,tcga,19,,,48.10666455709077,
CSD,0.1,tcga,20,,,45.30417738756682,
CSD,0.1,tcga,21,,,46.36879388507198,
CSD,0.1,tcga,22,,,45.4837123512499,
CSD,0.1,tcga,23,,,44.4211426431671,
CSD,0.1,tcga,24,,,45.459732376069184,
CSD,0.1,nacd,0,,,5.695405423389883,
CSD,0.1,nacd,1,,,6.6314894420725095,
CSD,0.1,nacd,2,,,6.657535970676104,
CSD,0.1,nacd,3,,,6.1230701092836926,
CSD,0.1,nacd,4,,,6.416982162780305,
CSD,0.1,nacd,5,,,6.642746200155737,
CSD,0.1,nacd,6,,,6.7820497551032215,
CSD,0.1,nacd,7,,,7.358057181042783,
CSD,0.1,nacd,8,,,6.538944401702622,
CSD,0.1,nacd,9,,,6.5620005216170645,
CSD,0.1,nacd,10,,,6.698198606914106,
CSD,0.1,nacd,11,,,6.035595970806018,
CSD,0.1,nacd,12,,,5.623464684512907,
CSD,0.1,nacd,13,,,6.690806005703876,
CSD,0.1,nacd,14,,,6.326643529831031,
CSD,0.1,nacd,15,,,5.807726607044399,
CSD,0.1,nacd,16,,,5.919397855702335,
CSD,0.1,nacd,17,,,5.801379370210127,
CSD,0.1,nacd,18,,,6.494157733775045,
CSD,0.1,nacd,19,,,6.073934372435598,
CSD,0.1,nacd,20,,,6.328840032679982,
CSD,0.1,nacd,21,,,6.014040282971618,
CSD,0.1,nacd,22,,,5.829760917456126,
CSD,0.1,nacd,23,,,5.953009194339086,
CSD,0.1,nacd,24,,,6.245019349517902,
CSD,0.1,gbsg,0,,,13.776283266296092,
CSD,0.1,gbsg,1,,,13.326873217527432,
CSD,0.1,gbsg,2,,,13.105523180333249,
CSD,0.1,gbsg,3,,,13.239773583066338,
CSD,0.1,gbsg,4,,,13.70983887615046,
CSD,0.1,gbsg,5,,,14.05837577386832,
CSD,0.1,gbsg,6,,,14.344929337793848,
CSD,0.1,gbsg,7,,,14.109493204328697,
CSD,0.1,gbsg,8,,,14.052272039519844,
CSD,0.1,gbsg,9,,,14.007674516280584,
CSD,0.1,gbsg,10,,,13.430163458820926,
CSD,0.1,gbsg,11,,,13.622259672733714,
CSD,0.1,gbsg,12,,,14.14357601714468,
CSD,0.1,gbsg,13,,,13.447440812737646,
CSD,0.1,gbsg,14,,,13.965645710391296,
CSD,0.1,gbsg,15,,,14.292536103181634,
CSD,0.1,gbsg,16,,,13.277379327140183,
CSD,0.1,gbsg,17,,,14.223435268337957,
CSD,0.1,gbsg,18,,,13.817666498105762,
CSD,0.1,gbsg,19,,,13.580157164384104,
CSD,0.1,gbsg,20,,,13.677604650238598,
CSD,0.1,gbsg,21,,,14.207755943062631,
CSD,0.1,gbsg,22,,,13.597063357114743,
CSD,0.1,gbsg,23,,,13.91101124994054,
CSD,0.1,gbsg,24,,,13.877106115620796,
Uncalibrated,0.1,tcga,0,,,53.6873399913199,
Uncalibrated,0.1,tcga,1,,,55.23515034705016,
Uncalibrated,0.1,tcga,2,,,53.7659770959213,
Uncalibrated,0.1,tcga,3,,,54.0192101019476,
Uncalibrated,0.1,tcga,4,,,53.53262624605468,
Uncalibrated,0.1,tcga,5,,,67.20919264238833,
Uncalibrated,0.1,tcga,6,,,48.29687520007401,
Uncalibrated,0.1,tcga,7,,,52.20360106753271,
Uncalibrated,0.1,tcga,8,,,49.88130652898167,
Uncalibrated,0.1,tcga,9,,,49.554491977333605,
Uncalibrated,0.1,tcga,10,,,56.002692331842375,
Uncalibrated,0.1,tcga,11,,,49.99705795183284,
Uncalibrated,0.1,tcga,12,,,53.45340614941711,
Uncalibrated,0.1,tcga,13,,,59.999548715209166,
Uncalibrated,0.1,tcga,14,,,52.05181415265487,
Uncalibrated,0.1,tcga,15,,,51.33392214840284,
Uncalibrated,0.1,tcga,16,,,51.888911469656165,
Uncalibrated,0.1,tcga,17,,,53.81405203063923,
Uncalibrated,0.1,tcga,18,,,50.17792968918418,
Uncalibrated,0.1,tcga,19,,,53.365008365430185,
Uncalibrated,0.1,tcga,20,,,50.595480770986974,
Uncalibrated,0.1,tcga,21,,,53.92363654443062,
Uncalibrated,0.1,tcga,22,,,52.79087312034177,
Uncalibrated,0.1,tcga,23,,,51.392826369023126,
Uncalibrated,0.1,tcga,24,,,51.65655940601888,
Uncalibrated,0.1,support,0,,,9.319790457702412,
Uncalibrated,0.1,support,1,,,9.889523944286752,
Uncalibrated,0.1,support,2,,,9.845384567255213,
Uncalibrated,0.1,support,3,,,10.057151227902068,
Uncalibrated,0.1,support,4,,,9.558450965279135,
Uncalibrated,0.1,support,5,,,9.542569496282052,
Uncalibrated,0.1,support,6,,,8.987523615396025,
Uncalibrated,0.1,support,7,,,9.793055693006876,
Uncalibrated,0.1,support,8,,,9.58863447897136,
Uncalibrated,0.1,support,9,,,9.863170457177596,
Uncalibrated,0.1,support,10,,,8.731498801329183,
Uncalibrated,0.1,support,11,,,10.484902670859574,
Uncalibrated,0.1,support,12,,,10.306644392357612,
Uncalibrated,0.1,support,13,,,9.441618174190287,
Uncalibrated,0.1,support,14,,,10.198550663228684,
Uncalibrated,0.1,support,15,,,9.646787488971484,
Uncalibrated,0.1,support,16,,,10.4788900490384,
Uncalibrated,0.1,support,17,,,10.13052734229928,
Uncalibrated,0.1,support,18,,,9.27851246379686,
Uncalibrated,0.1,support,19,,,9.255800556332304,
Uncalibrated,0.1,support,20,,,10.012028567488892,
Uncalibrated,0.1,support,21,,,9.808463862999677,
Uncalibrated,0.1,support,22,,,9.81805754219874,
Uncalibrated,0.1,support,23,,,9.226775802306069,
Uncalibrated,0.1,support,24,,,9.744935531014368,
Uncalibrated,0.1,metabric,0,,,35.02896032568699,
Uncalibrated,0.1,metabric,1,,,39.082297460744286,
Uncalibrated,0.1,metabric,2,,,37.780100044782415,
Uncalibrated,0.1,metabric,3,,,35.254552982474884,
Uncalibrated,0.1,metabric,4,,,33.96019880750938,
Uncalibrated,0.1,metabric,5,,,36.977437934163774,
Uncalibrated,0.1,metabric,6,,,39.2832326745756,
Uncalibrated,0.1,metabric,7,,,35.32155920006215,
Uncalibrated,0.1,metabric,8,,,36.87854228082149,
Uncalibrated,0.1,metabric,9,,,40.63632113160585,
Uncalibrated,0.1,metabric,10,,,37.98161284411117,
Uncalibrated,0.1,metabric,11,,,35.082577898884246,
Uncalibrated,0.1,metabric,12,,,35.0833204758872,
Uncalibrated,0.1,metabric,13,,,40.00518839565829,
Uncalibrated,0.1,metabric,14,,,39.50018925374901,
Uncalibrated,0.1,metabric,15,,,39.832830078273496,
Uncalibrated,0.1,metabric,16,,,35.64392610199226,
Uncalibrated,0.1,metabric,17,,,40.02278095237799,
Uncalibrated,0.1,metabric,18,,,40.42828843278528,
Uncalibrated,0.1,metabric,19,,,34.915022975485016,
Uncalibrated,0.1,metabric,20,,,38.9601105118656,
Uncalibrated,0.1,metabric,21,,,34.68447489060177,
Uncalibrated,0.1,metabric,22,,,39.38266669872934,
Uncalibrated,0.1,metabric,23,,,39.63385521713707,
Uncalibrated,0.1,metabric,24,,,39.96571530886725,
Uncalibrated,0.1,churn,0,,,37.50030683767946,
Uncalibrated,0.1,churn,1,,,28.48339408945806,
Uncalibrated,0.1,churn,2,,,459.7088401430436,
Uncalibrated,0.1,churn,3,,,107.07529460271245,
Uncalibrated,0.1,churn,4,,,2868.112253743741,
Uncalibrated,0.1,churn,5,,,70.10308062503132,
Uncalibrated,0.1,churn,6,,,276.41791252732,
Uncalibrated,0.1,churn,7,,,139.05066351189916,
Uncalibrated,0.1,churn,8,,,50.17662742409324,
Uncalibrated,0.1,churn,9,,,584.3223650890905,
Uncalibrated,0.1,churn,10,,,130.58960374699427,
Uncalibrated,0.1,churn,11,,,89.784829551299,
Uncalibrated,0.1,churn,12,,,490.27223577757263,
Uncalibrated,0.1,churn,13,,,211.0469612979576,
Uncalibrated,0.1,churn,14,,,1812.4634693756957,
Uncalibrated,0.1,churn,15,,,2311.406304671909,
Uncalibrated,0.1,churn,16,,,45.081516771789786,
Uncalibrated,0.1,churn,17,,,9156.81103947379,
Uncalibrated,0.1,churn,18,,,262.8030630741033,
Uncalibrated,0.1,churn,19,,,2199.9387654232046,
Uncalibrated,0.1,churn,20,,,210.09524451565403,
Uncalibrated,0.1,churn,21,,,491.28410387676047,
Uncalibrated,0.1,churn,22,,,155.55050273256438,
Uncalibrated,0.1,churn,23,,,164.39403617148716,
Uncalibrated,0.1,churn,24,,,419.1670829434527,
Uncalibrated,0.1,tcga,0,,,53.6873399913199,
Uncalibrated,0.1,tcga,1,,,55.23515034705016,
Uncalibrated,0.1,tcga,2,,,53.7659770959213,
Uncalibrated,0.1,tcga,3,,,54.0192101019476,
Uncalibrated,0.1,tcga,4,,,53.53262624605468,
Uncalibrated,0.1,tcga,5,,,67.20919264238833,
Uncalibrated,0.1,tcga,6,,,48.29687520007401,
Uncalibrated,0.1,tcga,7,,,52.20360106753271,
Uncalibrated,0.1,tcga,8,,,49.88130652898167,
Uncalibrated,0.1,tcga,9,,,49.554491977333605,
Uncalibrated,0.1,tcga,10,,,56.002692331842375,
Uncalibrated,0.1,tcga,11,,,49.99705795183284,
Uncalibrated,0.1,tcga,12,,,53.45340614941711,
Uncalibrated,0.1,tcga,13,,,59.999548715209166,
Uncalibrated,0.1,tcga,14,,,52.05181415265487,
Uncalibrated,0.1,tcga,15,,,51.33392214840284,
Uncalibrated,0.1,tcga,16,,,51.888911469656165,
Uncalibrated,0.1,tcga,17,,,53.81405203063923,
Uncalibrated,0.1,tcga,18,,,50.17792968918418,
Uncalibrated,0.1,tcga,19,,,53.365008365430185,
Uncalibrated,0.1,tcga,20,,,50.595480770986974,
Uncalibrated,0.1,tcga,21,,,53.92363654443062,
Uncalibrated,0.1,tcga,22,,,52.79087312034177,
Uncalibrated,0.1,tcga,23,,,51.392826369023126,
Uncalibrated,0.1,tcga,24,,,51.65655940601888,
Uncalibrated,0.1,nacd,0,,,5.6749785406239575,
Uncalibrated,0.1,nacd,1,,,6.5604877752548925,
Uncalibrated,0.1,nacd,2,,,6.6744668566443215,
Uncalibrated,0.1,nacd,3,,,6.044076973974303,
Uncalibrated,0.1,nacd,4,,,6.421052283380434,
Uncalibrated,0.1,nacd,5,,,6.637905125347108,
Uncalibrated,0.1,nacd,6,,,6.76768606769951,
Uncalibrated,0.1,nacd,7,,,7.491326440141664,
Uncalibrated,0.1,nacd,8,,,6.552830487087848,
Uncalibrated,0.1,nacd,9,,,6.436640122918439,
Uncalibrated,0.1,nacd,10,,,6.663145771760688,
Uncalibrated,0.1,nacd,11,,,5.967927021752136,
Uncalibrated,0.1,nacd,12,,,5.446235903694891,
Uncalibrated,0.1,nacd,13,,,6.693879001800596,
Uncalibrated,0.1,nacd,14,,,6.276214222055361,
Uncalibrated,0.1,nacd,15,,,5.692249636733321,
Uncalibrated,0.1,nacd,16,,,5.772049054756351,
Uncalibrated,0.1,nacd,17,,,5.717787463278707,
Uncalibrated,0.1,nacd,18,,,6.448393222305302,
Uncalibrated,0.1,nacd,19,,,6.005930362611935,
Uncalibrated,0.1,nacd,20,,,6.316719347134903,
Uncalibrated,0.1,nacd,21,,,5.828727957419656,
Uncalibrated,0.1,nacd,22,,,5.701098750681242,
Uncalibrated,0.1,nacd,23,,,5.815718975335141,
Uncalibrated,0.1,nacd,24,,,6.2488460538530015,
Uncalibrated,0.1,gbsg,0,,,12.949185635929298,
Uncalibrated,0.1,gbsg,1,,,12.419968209917045,
Uncalibrated,0.1,gbsg,2,,,12.434581898411835,
Uncalibrated,0.1,gbsg,3,,,12.44342288324151,
Uncalibrated,0.1,gbsg,4,,,12.932207915654503,
Uncalibrated,0.1,gbsg,5,,,13.002958312149223,
Uncalibrated,0.1,gbsg,6,,,13.563489121126176,
Uncalibrated,0.1,gbsg,7,,,13.076832311465187,
Uncalibrated,0.1,gbsg,8,,,13.23510945727148,
Uncalibrated,0.1,gbsg,9,,,13.191292276555322,
Uncalibrated,0.1,gbsg,10,,,12.76642466199786,
Uncalibrated,0.1,gbsg,11,,,12.86276440684239,
Uncalibrated,0.1,gbsg,12,,,13.390421623065636,
Uncalibrated,0.1,gbsg,13,,,12.466485171981246,
Uncalibrated,0.1,gbsg,14,,,13.06153405075676,
Uncalibrated,0.1,gbsg,15,,,13.446110259901872,
Uncalibrated,0.1,gbsg,16,,,12.724411275488071,
Uncalibrated,0.1,gbsg,17,,,13.402537666395755,
Uncalibrated,0.1,gbsg,18,,,12.86598157516007,
Uncalibrated,0.1,gbsg,19,,,12.766736371828047,
Uncalibrated,0.1,gbsg,20,,,12.618803041911278,
Uncalibrated,0.1,gbsg,21,,,13.274680175297371,
Uncalibrated,0.1,gbsg,22,,,12.78774019261106,
Uncalibrated,0.1,gbsg,23,,,13.081104196431134,
Uncalibrated,0.1,gbsg,24,,,12.918315914330758,
